lab_report_date,health_district,number_of_pcr_testing,number_of_positive_pcr_testing,total_number_of_testing,total_number_of_positive
Not Reported,Alexandria,172,36,206,42
Not Reported,Alleghany,9,3,9,3
Not Reported,Arlington,660,73,733,93
Not Reported,Central Shenandoah,198,35,205,36
Not Reported,Central Virginia,158,8,165,9
Not Reported,Chesapeake,183,20,184,20
Not Reported,Chesterfield,560,234,601,251
Not Reported,Chickahominy,127,78,130,80
Not Reported,Crater,280,91,290,98
Not Reported,Cumberland Plateau,15,15,34,34
Not Reported,Eastern Shore,269,2,269,2
Not Reported,Fairfax,1414,376,1733,449
Not Reported,Hampton,142,16,143,17
Not Reported,Henrico,600,329,625,345
Not Reported,Lenowisco,10,7,25,22
Not Reported,Lord Fairfax,91,21,131,25
Not Reported,Loudoun,999,129,1270,186
Not Reported,Mount Rogers,22,17,30,24
Not Reported,New River,11,5,12,5
Not Reported,Norfolk,121,9,124,9
Not Reported,Out of State,25,15,45,34
Not Reported,Peninsula,421,72,424,72
Not Reported,Piedmont,89,34,95,36
Not Reported,Pittsylvania-Danville,26,9,26,9
Not Reported,Portsmouth,50,8,50,8
Not Reported,Prince William,1178,274,1298,341
Not Reported,Rappahannock,489,160,521,184
Not Reported,Rappahannock Rapidan,154,41,206,55
Not Reported,Richmond,357,192,372,203
Not Reported,Roanoke,6,5,6,5
Not Reported,Southside,53,21,54,21
Not Reported,Thomas Jefferson,120,21,140,24
Not Reported,Three Rivers,129,53,144,57
Not Reported,Unknown,367,114,376,120
Not Reported,Virginia Beach,456,23,468,25
Not Reported,Western Tidewater,131,27,131,27
Not Reported,West Piedmont,79,66,82,66
9/2/2020,Alexandria,134,2,146,2
9/2/2020,Alleghany,161,11,183,11
9/2/2020,Arlington,196,6,220,9
9/2/2020,Central Shenandoah,212,25,217,25
9/2/2020,Central Virginia,845,52,854,53
9/2/2020,Chesapeake,229,26,238,27
9/2/2020,Chesterfield,417,43,464,43
9/2/2020,Chickahominy,139,15,146,15
9/2/2020,Crater,206,17,214,18
9/2/2020,Cumberland Plateau,55,1,58,1
9/2/2020,Eastern Shore,43,2,44,2
9/2/2020,Fairfax,815,70,949,82
9/2/2020,Hampton,118,10,123,10
9/2/2020,Henrico,456,27,488,30
9/2/2020,Lenowisco,135,8,136,8
9/2/2020,Lord Fairfax,153,6,154,6
9/2/2020,Loudoun,335,42,369,52
9/2/2020,Mount Rogers,179,21,193,31
9/2/2020,New River,217,28,229,28
9/2/2020,Norfolk,305,18,315,18
9/2/2020,Out of State,149,9,154,9
9/2/2020,Peninsula,293,18,307,20
9/2/2020,Piedmont,151,12,156,12
9/2/2020,Pittsylvania-Danville,221,34,223,34
9/2/2020,Portsmouth,103,11,108,12
9/2/2020,Prince William,414,44,457,52
9/2/2020,Rappahannock,332,29,349,31
9/2/2020,Rappahannock Rapidan,177,14,183,14
9/2/2020,Richmond,254,30,280,30
9/2/2020,Roanoke,97,7,106,7
9/2/2020,Southside,101,10,101,10
9/2/2020,Thomas Jefferson,450,29,458,29
9/2/2020,Three Rivers,171,15,178,15
9/2/2020,Unknown,12,1,12,1
9/2/2020,Virginia Beach,506,34,522,39
9/2/2020,Western Tidewater,236,33,238,33
9/2/2020,West Piedmont,129,18,132,18
9/1/2020,Alexandria,195,12,208,13
9/1/2020,Alleghany,72,3,83,3
9/1/2020,Arlington,252,10,275,13
9/1/2020,Central Shenandoah,171,21,174,21
9/1/2020,Central Virginia,211,31,212,31
9/1/2020,Chesapeake,205,12,214,14
9/1/2020,Chesterfield,386,13,408,15
9/1/2020,Chickahominy,148,9,154,9
9/1/2020,Crater,181,16,186,16
9/1/2020,Cumberland Plateau,48,0,48,0
9/1/2020,Eastern Shore,16,0,16,0
9/1/2020,Fairfax,1148,52,1269,61
9/1/2020,Hampton,93,6,93,6
9/1/2020,Henrico,1264,55,1295,56
9/1/2020,Lenowisco,52,11,56,12
9/1/2020,Lord Fairfax,444,12,447,12
9/1/2020,Loudoun,343,17,370,20
9/1/2020,Mount Rogers,122,13,161,51
9/1/2020,New River,458,81,471,81
9/1/2020,Norfolk,299,23,302,23
9/1/2020,Out of State,304,13,314,13
9/1/2020,Peninsula,342,24,346,24
9/1/2020,Piedmont,59,3,61,3
9/1/2020,Pittsylvania-Danville,57,13,57,13
9/1/2020,Portsmouth,105,10,105,10
9/1/2020,Prince William,506,43,533,44
9/1/2020,Rappahannock,258,13,276,15
9/1/2020,Rappahannock Rapidan,141,8,149,12
9/1/2020,Richmond,261,19,286,19
9/1/2020,Roanoke,509,45,516,45
9/1/2020,Southside,111,10,111,10
9/1/2020,Thomas Jefferson,437,36,442,37
9/1/2020,Three Rivers,99,6,102,6
9/1/2020,Unknown,14,1,15,1
9/1/2020,Virginia Beach,439,27,450,28
9/1/2020,Western Tidewater,139,15,143,15
9/1/2020,West Piedmont,77,11,79,12
8/9/2020,Alexandria,279,16,291,16
8/9/2020,Alleghany,88,2,96,2
8/9/2020,Arlington,398,20,421,21
8/9/2020,Central Shenandoah,372,15,384,16
8/9/2020,Central Virginia,392,38,399,38
8/9/2020,Chesapeake,428,62,442,68
8/9/2020,Chesterfield,587,44,626,49
8/9/2020,Chickahominy,182,11,198,12
8/9/2020,Crater,314,65,320,66
8/9/2020,Cumberland Plateau,74,8,78,8
8/9/2020,Eastern Shore,48,3,48,3
8/9/2020,Fairfax,1593,106,1688,118
8/9/2020,Hampton,316,30,321,30
8/9/2020,Henrico,501,47,533,52
8/9/2020,Lenowisco,171,25,172,25
8/9/2020,Lord Fairfax,350,16,357,16
8/9/2020,Loudoun,545,41,596,47
8/9/2020,Mount Rogers,211,13,215,13
8/9/2020,New River,91,3,99,3
8/9/2020,Norfolk,543,41,545,41
8/9/2020,Out of State,305,9,309,9
8/9/2020,Peninsula,598,47,607,48
8/9/2020,Piedmont,140,8,146,8
8/9/2020,Pittsylvania-Danville,156,13,156,13
8/9/2020,Portsmouth,283,36,284,36
8/9/2020,Prince William,576,45,612,50
8/9/2020,Rappahannock,411,36,447,40
8/9/2020,Rappahannock Rapidan,198,7,211,12
8/9/2020,Richmond,235,26,248,30
8/9/2020,Roanoke,987,56,1001,56
8/9/2020,Southside,128,12,131,12
8/9/2020,Thomas Jefferson,309,25,315,25
8/9/2020,Three Rivers,197,13,206,13
8/9/2020,Unknown,419,3,419,3
8/9/2020,Virginia Beach,887,51,908,51
8/9/2020,Western Tidewater,301,41,307,41
8/9/2020,West Piedmont,122,15,127,16
8/8/2020,Alexandria,351,19,373,21
8/8/2020,Alleghany,140,3,153,4
8/8/2020,Arlington,484,15,522,16
8/8/2020,Central Shenandoah,305,8,316,8
8/8/2020,Central Virginia,487,38,490,40
8/8/2020,Chesapeake,519,66,540,68
8/8/2020,Chesterfield,661,34,693,35
8/8/2020,Chickahominy,252,10,272,10
8/8/2020,Crater,295,30,303,32
8/8/2020,Cumberland Plateau,78,16,81,16
8/8/2020,Eastern Shore,79,3,81,3
8/8/2020,Fairfax,2317,107,2494,123
8/8/2020,Hampton,265,23,273,23
8/8/2020,Henrico,774,47,805,52
8/8/2020,Lenowisco,114,19,119,21
8/8/2020,Lord Fairfax,378,6,392,6
8/8/2020,Loudoun,704,37,754,43
8/8/2020,Mount Rogers,249,15,255,15
8/8/2020,New River,114,5,126,6
8/8/2020,Norfolk,481,36,491,37
8/8/2020,Out of State,274,15,275,15
8/8/2020,Peninsula,1193,32,1213,35
8/8/2020,Piedmont,103,2,106,2
8/8/2020,Pittsylvania-Danville,187,17,189,17
8/8/2020,Portsmouth,385,46,388,47
8/8/2020,Prince William,820,58,865,63
8/8/2020,Rappahannock,512,39,540,44
8/8/2020,Rappahannock Rapidan,196,12,208,14
8/8/2020,Richmond,480,39,500,39
8/8/2020,Roanoke,590,20,605,20
8/8/2020,Southside,136,9,138,10
8/8/2020,Thomas Jefferson,350,13,362,14
8/8/2020,Three Rivers,268,20,277,22
8/8/2020,Unknown,61,5,61,5
8/8/2020,Virginia Beach,846,75,868,78
8/8/2020,Western Tidewater,402,33,408,33
8/8/2020,West Piedmont,169,22,171,22
8/7/2020,Alexandria,268,16,312,21
8/7/2020,Alleghany,312,8,334,10
8/7/2020,Arlington,438,20,481,23
8/7/2020,Central Shenandoah,613,27,625,28
8/7/2020,Central Virginia,639,68,649,68
8/7/2020,Chesapeake,552,53,568,55
8/7/2020,Chesterfield,767,103,812,112
8/7/2020,Chickahominy,307,13,326,13
8/7/2020,Crater,364,40,369,40
8/7/2020,Cumberland Plateau,145,6,146,6
8/7/2020,Eastern Shore,80,8,82,8
8/7/2020,Fairfax,1551,89,1751,104
8/7/2020,Hampton,186,14,189,14
8/7/2020,Henrico,914,103,942,109
8/7/2020,Lenowisco,163,29,170,29
8/7/2020,Lord Fairfax,330,25,346,27
8/7/2020,Loudoun,589,29,633,31
8/7/2020,Mount Rogers,396,31,408,33
8/7/2020,New River,314,10,353,28
8/7/2020,Norfolk,503,50,517,53
8/7/2020,Out of State,624,36,643,36
8/7/2020,Peninsula,567,36,578,37
8/7/2020,Piedmont,166,8,173,11
8/7/2020,Pittsylvania-Danville,273,56,279,56
8/7/2020,Portsmouth,242,29,245,29
8/7/2020,Prince William,840,71,888,76
8/7/2020,Rappahannock,478,32,506,34
8/7/2020,Rappahannock Rapidan,253,15,271,19
8/7/2020,Richmond,614,82,627,83
8/7/2020,Roanoke,926,55,941,56
8/7/2020,Southside,106,8,112,11
8/7/2020,Thomas Jefferson,672,38,688,40
8/7/2020,Three Rivers,153,22,161,23
8/7/2020,Unknown,119,6,119,6
8/7/2020,Virginia Beach,810,84,838,87
8/7/2020,Western Tidewater,339,47,348,47
8/7/2020,West Piedmont,236,40,246,45
8/6/2020,Alexandria,295,19,324,19
8/6/2020,Alleghany,233,10,255,13
8/6/2020,Arlington,510,24,558,27
8/6/2020,Central Shenandoah,343,16,353,16
8/6/2020,Central Virginia,1002,50,1008,50
8/6/2020,Chesapeake,516,86,527,86
8/6/2020,Chesterfield,677,61,720,71
8/6/2020,Chickahominy,143,12,154,13
8/6/2020,Crater,485,44,488,44
8/6/2020,Cumberland Plateau,130,9,133,10
8/6/2020,Eastern Shore,101,4,101,4
8/6/2020,Fairfax,2063,95,2266,122
8/6/2020,Hampton,251,31,253,31
8/6/2020,Henrico,536,42,551,48
8/6/2020,Lenowisco,78,17,79,17
8/6/2020,Lord Fairfax,291,11,306,14
8/6/2020,Loudoun,666,40,744,46
8/6/2020,Mount Rogers,233,25,251,28
8/6/2020,New River,171,12,184,12
8/6/2020,Norfolk,467,54,480,57
8/6/2020,Out of State,510,26,519,29
8/6/2020,Peninsula,673,49,679,49
8/6/2020,Piedmont,197,17,203,17
8/6/2020,Pittsylvania-Danville,357,16,362,17
8/6/2020,Portsmouth,182,37,182,37
8/6/2020,Prince William,956,87,1028,96
8/6/2020,Rappahannock,492,48,527,51
8/6/2020,Rappahannock Rapidan,217,15,249,29
8/6/2020,Richmond,349,29,360,30
8/6/2020,Roanoke,474,13,491,15
8/6/2020,Southside,264,9,268,10
8/6/2020,Thomas Jefferson,513,32,530,33
8/6/2020,Three Rivers,219,17,223,17
8/6/2020,Unknown,39,4,40,5
8/6/2020,Virginia Beach,746,87,779,89
8/6/2020,Western Tidewater,378,42,381,42
8/6/2020,West Piedmont,197,20,204,21
8/5/2020,Alexandria,271,14,323,25
8/5/2020,Alleghany,177,5,195,5
8/5/2020,Arlington,383,15,453,19
8/5/2020,Central Shenandoah,646,17,662,18
8/5/2020,Central Virginia,620,66,633,66
8/5/2020,Chesapeake,528,64,566,69
8/5/2020,Chesterfield,617,33,655,36
8/5/2020,Chickahominy,232,10,246,13
8/5/2020,Crater,249,30,268,34
8/5/2020,Cumberland Plateau,70,4,77,5
8/5/2020,Eastern Shore,86,3,90,3
8/5/2020,Fairfax,1609,72,1921,99
8/5/2020,Hampton,263,25,272,27
8/5/2020,Henrico,873,44,904,52
8/5/2020,Lenowisco,150,27,158,29
8/5/2020,Lord Fairfax,373,14,392,17
8/5/2020,Loudoun,597,18,686,22
8/5/2020,Mount Rogers,253,37,271,46
8/5/2020,New River,349,17,368,17
8/5/2020,Norfolk,838,74,854,76
8/5/2020,Out of State,504,33,516,33
8/5/2020,Peninsula,685,65,710,66
8/5/2020,Piedmont,162,9,193,27
8/5/2020,Pittsylvania-Danville,277,33,282,33
8/5/2020,Portsmouth,475,32,478,33
8/5/2020,Prince William,798,70,900,94
8/5/2020,Rappahannock,572,28,617,35
8/5/2020,Rappahannock Rapidan,241,17,272,24
8/5/2020,Richmond,357,21,375,21
8/5/2020,Roanoke,213,9,239,10
8/5/2020,Southside,255,13,269,15
8/5/2020,Thomas Jefferson,561,35,593,37
8/5/2020,Three Rivers,248,22,258,22
8/5/2020,Unknown,137,3,140,4
8/5/2020,Virginia Beach,1034,93,1080,98
8/5/2020,Western Tidewater,557,57,565,57
8/5/2020,West Piedmont,206,47,216,51
8/4/2020,Alexandria,165,14,178,14
8/4/2020,Alleghany,153,7,170,7
8/4/2020,Arlington,222,6,236,7
8/4/2020,Central Shenandoah,201,9,201,9
8/4/2020,Central Virginia,460,21,463,22
8/4/2020,Chesapeake,249,27,254,27
8/4/2020,Chesterfield,540,47,558,55
8/4/2020,Chickahominy,142,9,149,11
8/4/2020,Crater,219,28,219,28
8/4/2020,Cumberland Plateau,83,7,85,7
8/4/2020,Eastern Shore,36,3,36,3
8/4/2020,Fairfax,1186,63,1293,78
8/4/2020,Hampton,129,10,133,10
8/4/2020,Henrico,486,39,500,43
8/4/2020,Lenowisco,110,11,113,11
8/4/2020,Lord Fairfax,501,7,513,8
8/4/2020,Loudoun,353,25,410,31
8/4/2020,Mount Rogers,105,10,112,15
8/4/2020,New River,283,10,298,10
8/4/2020,Norfolk,318,39,321,39
8/4/2020,Out of State,460,17,465,17
8/4/2020,Peninsula,277,32,281,33
8/4/2020,Piedmont,100,8,101,8
8/4/2020,Pittsylvania-Danville,132,22,132,22
8/4/2020,Portsmouth,85,10,85,10
8/4/2020,Prince William,498,42,536,55
8/4/2020,Rappahannock,345,17,359,17
8/4/2020,Rappahannock Rapidan,181,10,196,16
8/4/2020,Richmond,264,19,272,25
8/4/2020,Roanoke,217,13,224,13
8/4/2020,Southside,107,8,108,8
8/4/2020,Thomas Jefferson,447,18,453,18
8/4/2020,Three Rivers,124,7,125,8
8/4/2020,Unknown,90,2,91,2
8/4/2020,Virginia Beach,768,42,780,44
8/4/2020,Western Tidewater,124,22,126,22
8/4/2020,West Piedmont,119,19,122,21
8/3/2020,Alexandria,248,9,255,9
8/3/2020,Alleghany,117,6,126,6
8/3/2020,Arlington,395,18,407,19
8/3/2020,Central Shenandoah,231,14,234,14
8/3/2020,Central Virginia,214,16,216,16
8/3/2020,Chesapeake,337,43,337,43
8/3/2020,Chesterfield,726,56,729,59
8/3/2020,Chickahominy,240,12,241,13
8/3/2020,Crater,255,22,255,22
8/3/2020,Cumberland Plateau,128,26,128,26
8/3/2020,Eastern Shore,35,0,37,0
8/3/2020,Fairfax,1923,67,1983,72
8/3/2020,Hampton,162,18,163,18
8/3/2020,Henrico,900,55,907,62
8/3/2020,Lenowisco,42,7,43,7
8/3/2020,Lord Fairfax,256,6,257,6
8/3/2020,Loudoun,579,24,597,26
8/3/2020,Mount Rogers,171,18,183,25
8/3/2020,New River,170,20,179,20
8/3/2020,Norfolk,547,53,547,53
8/3/2020,Out of State,364,27,368,28
8/3/2020,Peninsula,484,27,485,27
8/3/2020,Piedmont,68,3,69,4
8/3/2020,Pittsylvania-Danville,184,78,184,78
8/3/2020,Portsmouth,212,28,212,28
8/3/2020,Prince William,894,77,907,80
8/3/2020,Rappahannock,498,36,500,36
8/3/2020,Rappahannock Rapidan,145,10,146,10
8/3/2020,Richmond,447,37,447,37
8/3/2020,Roanoke,383,8,390,8
8/3/2020,Southside,53,5,53,5
8/3/2020,Thomas Jefferson,375,18,383,18
8/3/2020,Three Rivers,195,6,196,6
8/3/2020,Unknown,170,5,173,8
8/3/2020,Virginia Beach,803,55,805,57
8/3/2020,Western Tidewater,255,45,255,45
8/3/2020,West Piedmont,108,8,111,8
8/31/2020,Alexandria,213,14,216,14
8/31/2020,Alleghany,98,7,114,7
8/31/2020,Arlington,329,15,334,15
8/31/2020,Central Shenandoah,323,57,323,57
8/31/2020,Central Virginia,382,41,383,41
8/31/2020,Chesapeake,251,25,251,25
8/31/2020,Chesterfield,493,29,519,30
8/31/2020,Chickahominy,201,22,213,22
8/31/2020,Crater,239,26,243,26
8/31/2020,Cumberland Plateau,42,2,43,2
8/31/2020,Eastern Shore,80,1,80,1
8/31/2020,Fairfax,1574,94,1603,99
8/31/2020,Hampton,147,6,148,6
8/31/2020,Henrico,554,51,590,51
8/31/2020,Lenowisco,81,12,83,12
8/31/2020,Lord Fairfax,183,12,186,12
8/31/2020,Loudoun,531,40,551,41
8/31/2020,Mount Rogers,113,11,125,23
8/31/2020,New River,356,86,370,86
8/31/2020,Norfolk,399,28,402,28
8/31/2020,Out of State,253,3,260,3
8/31/2020,Peninsula,417,31,418,31
8/31/2020,Piedmont,94,7,96,7
8/31/2020,Pittsylvania-Danville,117,22,117,22
8/31/2020,Portsmouth,141,14,141,14
8/31/2020,Prince William,634,52,640,52
8/31/2020,Rappahannock,380,44,384,45
8/31/2020,Rappahannock Rapidan,217,16,225,24
8/31/2020,Richmond,351,39,378,39
8/31/2020,Roanoke,137,11,150,11
8/31/2020,Southside,81,19,81,19
8/31/2020,Thomas Jefferson,422,25,429,26
8/31/2020,Three Rivers,182,12,183,12
8/31/2020,Unknown,13,0,13,0
8/31/2020,Virginia Beach,594,44,598,45
8/31/2020,Western Tidewater,200,27,200,27
8/31/2020,West Piedmont,79,10,84,13
8/30/2020,Alexandria,227,8,246,11
8/30/2020,Alleghany,68,6,81,6
8/30/2020,Arlington,344,10,360,12
8/30/2020,Central Shenandoah,423,40,427,40
8/30/2020,Central Virginia,589,24,592,24
8/30/2020,Chesapeake,256,20,262,21
8/30/2020,Chesterfield,330,19,364,24
8/30/2020,Chickahominy,159,9,166,11
8/30/2020,Crater,224,23,235,24
8/30/2020,Cumberland Plateau,49,4,52,4
8/30/2020,Eastern Shore,31,3,34,3
8/30/2020,Fairfax,1347,74,1462,83
8/30/2020,Hampton,108,9,111,11
8/30/2020,Henrico,387,25,422,32
8/30/2020,Lenowisco,79,10,83,14
8/30/2020,Lord Fairfax,309,5,318,8
8/30/2020,Loudoun,375,33,414,38
8/30/2020,Mount Rogers,211,18,215,18
8/30/2020,New River,90,11,107,11
8/30/2020,Norfolk,303,38,308,38
8/30/2020,Out of State,263,10,267,10
8/30/2020,Peninsula,385,33,394,34
8/30/2020,Piedmont,114,9,118,9
8/30/2020,Pittsylvania-Danville,107,5,110,5
8/30/2020,Portsmouth,123,11,123,11
8/30/2020,Prince William,506,41,531,43
8/30/2020,Rappahannock,333,20,348,21
8/30/2020,Rappahannock Rapidan,161,10,179,21
8/30/2020,Richmond,228,7,248,7
8/30/2020,Roanoke,455,18,462,18
8/30/2020,Southside,87,9,91,9
8/30/2020,Thomas Jefferson,288,15,299,18
8/30/2020,Three Rivers,235,7,243,7
8/30/2020,Unknown,24,2,25,2
8/30/2020,Virginia Beach,503,30,519,30
8/30/2020,Western Tidewater,337,42,339,42
8/30/2020,West Piedmont,90,7,91,7
8/29/2020,Alexandria,167,4,188,5
8/29/2020,Alleghany,139,12,151,12
8/29/2020,Arlington,408,23,451,25
8/29/2020,Central Shenandoah,349,34,357,35
8/29/2020,Central Virginia,669,42,675,43
8/29/2020,Chesapeake,361,21,377,25
8/29/2020,Chesterfield,428,27,472,32
8/29/2020,Chickahominy,171,13,191,14
8/29/2020,Crater,226,22,235,22
8/29/2020,Cumberland Plateau,94,6,100,8
8/29/2020,Eastern Shore,51,0,52,0
8/29/2020,Fairfax,1720,84,1898,97
8/29/2020,Hampton,146,11,150,12
8/29/2020,Henrico,636,45,664,48
8/29/2020,Lenowisco,77,8,85,11
8/29/2020,Lord Fairfax,387,12,392,12
8/29/2020,Loudoun,547,36,591,39
8/29/2020,Mount Rogers,157,19,164,22
8/29/2020,New River,174,10,192,12
8/29/2020,Norfolk,481,36,490,39
8/29/2020,Out of State,442,20,446,20
8/29/2020,Peninsula,428,29,445,30
8/29/2020,Piedmont,133,9,135,9
8/29/2020,Pittsylvania-Danville,149,19,150,19
8/29/2020,Portsmouth,185,15,188,15
8/29/2020,Prince William,710,45,753,49
8/29/2020,Rappahannock,293,14,318,17
8/29/2020,Rappahannock Rapidan,168,10,185,12
8/29/2020,Richmond,335,14,360,14
8/29/2020,Roanoke,889,39,898,39
8/29/2020,Southside,147,19,149,19
8/29/2020,Thomas Jefferson,414,28,421,30
8/29/2020,Three Rivers,148,10,154,10
8/29/2020,Unknown,33,3,33,3
8/29/2020,Virginia Beach,747,42,769,45
8/29/2020,Western Tidewater,264,25,273,26
8/29/2020,West Piedmont,115,23,121,23
8/28/2020,Alexandria,335,11,355,13
8/28/2020,Alleghany,151,13,164,14
8/28/2020,Arlington,460,21,511,22
8/28/2020,Central Shenandoah,307,48,314,49
8/28/2020,Central Virginia,650,16,658,16
8/28/2020,Chesapeake,369,30,376,31
8/28/2020,Chesterfield,574,61,618,65
8/28/2020,Chickahominy,194,23,203,23
8/28/2020,Crater,278,33,288,33
8/28/2020,Cumberland Plateau,78,6,86,7
8/28/2020,Eastern Shore,55,0,55,0
8/28/2020,Fairfax,1765,111,1958,124
8/28/2020,Hampton,134,11,142,11
8/28/2020,Henrico,739,48,771,53
8/28/2020,Lenowisco,251,19,259,24
8/28/2020,Lord Fairfax,513,20,525,20
8/28/2020,Loudoun,550,46,601,47
8/28/2020,Mount Rogers,498,83,519,97
8/28/2020,New River,660,135,687,137
8/28/2020,Norfolk,671,47,678,47
8/28/2020,Out of State,512,30,520,30
8/28/2020,Peninsula,445,62,452,63
8/28/2020,Piedmont,201,11,205,12
8/28/2020,Pittsylvania-Danville,148,21,155,23
8/28/2020,Portsmouth,161,14,162,15
8/28/2020,Prince William,835,64,889,69
8/28/2020,Rappahannock,534,32,549,32
8/28/2020,Rappahannock Rapidan,211,10,231,19
8/28/2020,Richmond,465,29,484,31
8/28/2020,Roanoke,390,30,406,31
8/28/2020,Southside,118,11,122,11
8/28/2020,Thomas Jefferson,477,53,495,57
8/28/2020,Three Rivers,234,11,242,12
8/28/2020,Unknown,37,3,38,3
8/28/2020,Virginia Beach,706,40,733,43
8/28/2020,Western Tidewater,285,31,292,31
8/28/2020,West Piedmont,139,25,147,27
8/27/2020,Alexandria,318,14,345,18
8/27/2020,Alleghany,150,8,164,9
8/27/2020,Arlington,419,27,454,30
8/27/2020,Central Shenandoah,292,57,302,59
8/27/2020,Central Virginia,868,70,883,70
8/27/2020,Chesapeake,338,52,358,54
8/27/2020,Chesterfield,622,46,704,57
8/27/2020,Chickahominy,198,13,216,13
8/27/2020,Crater,269,31,290,31
8/27/2020,Cumberland Plateau,64,2,70,2
8/27/2020,Eastern Shore,70,3,72,3
8/27/2020,Fairfax,1692,87,1889,100
8/27/2020,Hampton,151,15,156,16
8/27/2020,Henrico,762,53,822,56
8/27/2020,Lenowisco,181,8,191,11
8/27/2020,Lord Fairfax,277,9,283,10
8/27/2020,Loudoun,662,45,717,48
8/27/2020,Mount Rogers,245,33,263,44
8/27/2020,New River,372,66,391,66
8/27/2020,Norfolk,510,28,522,31
8/27/2020,Out of State,353,25,363,26
8/27/2020,Peninsula,578,76,592,77
8/27/2020,Piedmont,143,13,151,13
8/27/2020,Pittsylvania-Danville,231,36,235,37
8/27/2020,Portsmouth,219,29,220,30
8/27/2020,Prince William,711,69,769,77
8/27/2020,Rappahannock,458,37,485,38
8/27/2020,Rappahannock Rapidan,178,11,199,17
8/27/2020,Richmond,506,26,542,27
8/27/2020,Roanoke,158,7,180,7
8/27/2020,Southside,112,14,115,14
8/27/2020,Thomas Jefferson,454,39,468,41
8/27/2020,Three Rivers,183,7,191,10
8/27/2020,Unknown,26,2,26,2
8/27/2020,Virginia Beach,662,45,686,46
8/27/2020,Western Tidewater,482,79,487,79
8/27/2020,West Piedmont,143,18,150,20
8/26/2020,Alexandria,387,14,405,14
8/26/2020,Alleghany,213,19,230,20
8/26/2020,Arlington,462,30,498,37
8/26/2020,Central Shenandoah,329,36,344,38
8/26/2020,Central Virginia,544,70,551,72
8/26/2020,Chesapeake,443,53,453,56
8/26/2020,Chesterfield,694,38,739,42
8/26/2020,Chickahominy,240,10,259,14
8/26/2020,Crater,387,48,392,48
8/26/2020,Cumberland Plateau,64,3,65,3
8/26/2020,Eastern Shore,67,1,67,1
8/26/2020,Fairfax,2358,139,2564,159
8/26/2020,Hampton,175,20,181,21
8/26/2020,Henrico,833,43,873,46
8/26/2020,Lenowisco,162,7,166,10
8/26/2020,Lord Fairfax,388,12,396,14
8/26/2020,Loudoun,662,45,713,54
8/26/2020,Mount Rogers,225,29,248,39
8/26/2020,New River,574,73,601,75
8/26/2020,Norfolk,503,55,513,56
8/26/2020,Out of State,630,26,647,29
8/26/2020,Peninsula,529,64,546,64
8/26/2020,Piedmont,134,10,140,10
8/26/2020,Pittsylvania-Danville,259,27,259,27
8/26/2020,Portsmouth,382,40,382,40
8/26/2020,Prince William,961,95,1015,101
8/26/2020,Rappahannock,547,42,575,42
8/26/2020,Rappahannock Rapidan,259,24,279,30
8/26/2020,Richmond,678,30,707,33
8/26/2020,Roanoke,662,46,675,46
8/26/2020,Southside,167,16,172,16
8/26/2020,Thomas Jefferson,694,40,711,41
8/26/2020,Three Rivers,224,11,235,13
8/26/2020,Unknown,32,3,32,3
8/26/2020,Virginia Beach,787,38,827,43
8/26/2020,Western Tidewater,406,54,416,55
8/26/2020,West Piedmont,139,16,146,16
8/25/2020,Alexandria,190,10,209,14
8/25/2020,Alleghany,140,8,158,9
8/25/2020,Arlington,346,21,371,23
8/25/2020,Central Shenandoah,191,10,193,11
8/25/2020,Central Virginia,284,27,288,27
8/25/2020,Chesapeake,266,28,271,30
8/25/2020,Chesterfield,504,29,518,32
8/25/2020,Chickahominy,169,12,176,14
8/25/2020,Crater,267,52,267,52
8/25/2020,Cumberland Plateau,52,2,54,3
8/25/2020,Eastern Shore,53,3,54,4
8/25/2020,Fairfax,1482,81,1598,94
8/25/2020,Hampton,123,16,128,16
8/25/2020,Henrico,661,58,676,62
8/25/2020,Lenowisco,56,7,65,12
8/25/2020,Lord Fairfax,282,6,291,7
8/25/2020,Loudoun,499,24,544,28
8/25/2020,Mount Rogers,128,8,142,20
8/25/2020,New River,511,26,529,26
8/25/2020,Norfolk,383,24,386,24
8/25/2020,Out of State,569,29,570,29
8/25/2020,Peninsula,288,38,292,38
8/25/2020,Piedmont,96,9,96,9
8/25/2020,Pittsylvania-Danville,174,35,181,35
8/25/2020,Portsmouth,134,15,135,16
8/25/2020,Prince William,674,68,711,74
8/25/2020,Rappahannock,331,32,339,32
8/25/2020,Rappahannock Rapidan,124,15,135,17
8/25/2020,Richmond,428,27,431,27
8/25/2020,Roanoke,545,29,554,30
8/25/2020,Southside,112,8,112,8
8/25/2020,Thomas Jefferson,430,33,437,33
8/25/2020,Three Rivers,145,10,146,10
8/25/2020,Unknown,20,2,24,6
8/25/2020,Virginia Beach,566,33,582,35
8/25/2020,Western Tidewater,226,39,227,39
8/25/2020,West Piedmont,89,22,103,26
8/24/2020,Alexandria,191,10,200,11
8/24/2020,Alleghany,71,9,82,9
8/24/2020,Arlington,285,12,299,13
8/24/2020,Central Shenandoah,171,22,176,22
8/24/2020,Central Virginia,172,20,181,20
8/24/2020,Chesapeake,235,37,236,37
8/24/2020,Chesterfield,433,26,463,30
8/24/2020,Chickahominy,149,17,150,17
8/24/2020,Crater,187,20,189,21
8/24/2020,Cumberland Plateau,29,0,29,0
8/24/2020,Eastern Shore,44,0,45,1
8/24/2020,Fairfax,1509,103,1612,115
8/24/2020,Hampton,99,10,101,10
8/24/2020,Henrico,593,70,601,72
8/24/2020,Lenowisco,57,5,63,10
8/24/2020,Lord Fairfax,205,12,210,12
8/24/2020,Loudoun,396,34,424,37
8/24/2020,Mount Rogers,102,12,110,20
8/24/2020,New River,533,8,549,10
8/24/2020,Norfolk,321,48,322,48
8/24/2020,Out of State,455,19,464,19
8/24/2020,Peninsula,257,31,258,31
8/24/2020,Piedmont,58,4,62,5
8/24/2020,Pittsylvania-Danville,62,11,66,11
8/24/2020,Portsmouth,113,11,113,11
8/24/2020,Prince William,642,58,670,62
8/24/2020,Rappahannock,269,25,276,27
8/24/2020,Rappahannock Rapidan,170,13,182,21
8/24/2020,Richmond,341,27,345,28
8/24/2020,Roanoke,630,49,641,49
8/24/2020,Southside,73,10,74,10
8/24/2020,Thomas Jefferson,319,15,334,15
8/24/2020,Three Rivers,107,4,110,4
8/24/2020,Unknown,33,1,34,1
8/24/2020,Virginia Beach,566,40,572,40
8/24/2020,Western Tidewater,227,38,227,38
8/24/2020,West Piedmont,52,13,58,13
8/23/2020,Alexandria,237,16,254,19
8/23/2020,Alleghany,120,14,128,14
8/23/2020,Arlington,432,13,459,17
8/23/2020,Central Shenandoah,234,21,238,22
8/23/2020,Central Virginia,441,44,445,44
8/23/2020,Chesapeake,380,46,395,49
8/23/2020,Chesterfield,364,21,395,24
8/23/2020,Chickahominy,151,8,158,8
8/23/2020,Crater,256,28,260,29
8/23/2020,Cumberland Plateau,70,4,73,4
8/23/2020,Eastern Shore,47,1,48,1
8/23/2020,Fairfax,1491,92,1604,103
8/23/2020,Hampton,115,9,118,9
8/23/2020,Henrico,493,85,517,91
8/23/2020,Lenowisco,145,8,148,9
8/23/2020,Lord Fairfax,398,12,403,12
8/23/2020,Loudoun,535,30,574,33
8/23/2020,Mount Rogers,309,31,315,31
8/23/2020,New River,921,25,927,25
8/23/2020,Norfolk,488,33,496,34
8/23/2020,Out of State,378,30,383,31
8/23/2020,Peninsula,419,30,438,31
8/23/2020,Piedmont,122,7,123,7
8/23/2020,Pittsylvania-Danville,125,20,126,20
8/23/2020,Portsmouth,159,16,160,16
8/23/2020,Prince William,668,62,696,63
8/23/2020,Rappahannock,304,37,321,37
8/23/2020,Rappahannock Rapidan,138,9,156,14
8/23/2020,Richmond,541,10,551,11
8/23/2020,Roanoke,550,72,556,72
8/23/2020,Southside,82,8,82,8
8/23/2020,Thomas Jefferson,304,16,309,16
8/23/2020,Three Rivers,128,12,134,12
8/23/2020,Unknown,48,4,48,4
8/23/2020,Virginia Beach,735,38,756,40
8/23/2020,Western Tidewater,267,28,273,28
8/23/2020,West Piedmont,129,13,131,14
8/22/2020,Alexandria,309,11,338,13
8/22/2020,Alleghany,176,19,192,19
8/22/2020,Arlington,442,21,464,22
8/22/2020,Central Shenandoah,268,16,277,17
8/22/2020,Central Virginia,449,48,456,48
8/22/2020,Chesapeake,412,53,434,55
8/22/2020,Chesterfield,511,44,549,53
8/22/2020,Chickahominy,265,10,275,12
8/22/2020,Crater,288,30,305,34
8/22/2020,Cumberland Plateau,37,3,40,3
8/22/2020,Eastern Shore,54,0,55,0
8/22/2020,Fairfax,1988,84,2138,90
8/22/2020,Hampton,184,21,190,23
8/22/2020,Henrico,689,40,705,42
8/22/2020,Lenowisco,164,10,170,11
8/22/2020,Lord Fairfax,518,11,526,11
8/22/2020,Loudoun,584,34,637,39
8/22/2020,Mount Rogers,239,15,247,17
8/22/2020,New River,1367,50,1380,50
8/22/2020,Norfolk,558,46,570,48
8/22/2020,Out of State,571,15,573,15
8/22/2020,Peninsula,479,52,491,52
8/22/2020,Piedmont,164,14,168,14
8/22/2020,Pittsylvania-Danville,162,21,163,21
8/22/2020,Portsmouth,195,31,197,32
8/22/2020,Prince William,680,53,725,64
8/22/2020,Rappahannock,413,35,444,43
8/22/2020,Rappahannock Rapidan,173,8,188,14
8/22/2020,Richmond,833,29,845,35
8/22/2020,Roanoke,772,18,787,18
8/22/2020,Southside,152,12,157,12
8/22/2020,Thomas Jefferson,396,17,402,17
8/22/2020,Three Rivers,163,9,182,13
8/22/2020,Unknown,31,3,32,3
8/22/2020,Virginia Beach,1008,54,1047,56
8/22/2020,Western Tidewater,285,35,289,36
8/22/2020,West Piedmont,207,18,210,18
8/2/2020,Alexandria,232,11,245,11
8/2/2020,Alleghany,188,6,204,6
8/2/2020,Arlington,515,22,540,23
8/2/2020,Central Shenandoah,222,8,234,9
8/2/2020,Central Virginia,602,57,615,57
8/2/2020,Chesapeake,409,54,421,55
8/2/2020,Chesterfield,317,35,353,37
8/2/2020,Chickahominy,125,8,128,9
8/2/2020,Crater,185,8,196,11
8/2/2020,Cumberland Plateau,72,3,72,3
8/2/2020,Eastern Shore,88,4,89,4
8/2/2020,Fairfax,1573,84,1710,99
8/2/2020,Hampton,223,19,224,19
8/2/2020,Henrico,365,32,382,34
8/2/2020,Lenowisco,130,12,134,14
8/2/2020,Lord Fairfax,367,7,373,7
8/2/2020,Loudoun,407,30,449,34
8/2/2020,Mount Rogers,200,18,204,18
8/2/2020,New River,99,6,115,7
8/2/2020,Norfolk,602,68,609,68
8/2/2020,Out of State,305,28,306,28
8/2/2020,Peninsula,590,49,607,50
8/2/2020,Piedmont,73,3,77,3
8/2/2020,Pittsylvania-Danville,210,14,213,14
8/2/2020,Portsmouth,362,45,363,45
8/2/2020,Prince William,798,72,829,75
8/2/2020,Rappahannock,437,31,458,32
8/2/2020,Rappahannock Rapidan,205,9,216,12
8/2/2020,Richmond,174,16,186,17
8/2/2020,Roanoke,331,15,357,17
8/2/2020,Southside,76,6,76,6
8/2/2020,Thomas Jefferson,356,24,365,24
8/2/2020,Three Rivers,190,12,194,12
8/2/2020,Unknown,126,5,127,5
8/2/2020,Virginia Beach,1090,82,1113,84
8/2/2020,Western Tidewater,350,56,357,57
8/2/2020,West Piedmont,155,18,162,19
8/21/2020,Alexandria,300,20,321,25
8/21/2020,Alleghany,163,15,187,16
8/21/2020,Arlington,473,20,536,22
8/21/2020,Central Shenandoah,217,10,230,12
8/21/2020,Central Virginia,339,48,344,48
8/21/2020,Chesapeake,312,42,325,42
8/21/2020,Chesterfield,616,61,679,70
8/21/2020,Chickahominy,217,7,237,8
8/21/2020,Crater,217,36,233,41
8/21/2020,Cumberland Plateau,49,1,51,1
8/21/2020,Eastern Shore,76,1,76,1
8/21/2020,Fairfax,1671,101,1905,114
8/21/2020,Hampton,251,20,253,20
8/21/2020,Henrico,825,48,861,52
8/21/2020,Lenowisco,236,11,243,12
8/21/2020,Lord Fairfax,354,14,362,15
8/21/2020,Loudoun,559,31,627,42
8/21/2020,Mount Rogers,241,19,248,20
8/21/2020,New River,1194,28,1219,29
8/21/2020,Norfolk,375,39,384,40
8/21/2020,Out of State,589,37,594,37
8/21/2020,Peninsula,821,75,845,76
8/21/2020,Piedmont,127,6,128,6
8/21/2020,Pittsylvania-Danville,198,24,199,24
8/21/2020,Portsmouth,192,27,193,27
8/21/2020,Prince William,798,61,874,84
8/21/2020,Rappahannock,536,33,562,34
8/21/2020,Rappahannock Rapidan,345,7,369,16
8/21/2020,Richmond,1128,34,1141,34
8/21/2020,Roanoke,511,33,523,33
8/21/2020,Southside,107,6,108,6
8/21/2020,Thomas Jefferson,481,26,496,27
8/21/2020,Three Rivers,170,10,185,10
8/21/2020,Unknown,28,5,28,5
8/21/2020,Virginia Beach,784,39,812,40
8/21/2020,Western Tidewater,260,39,268,41
8/21/2020,West Piedmont,133,20,142,23
8/20/2020,Alexandria,298,21,323,25
8/20/2020,Alleghany,229,11,255,13
8/20/2020,Arlington,509,33,553,37
8/20/2020,Central Shenandoah,525,16,531,16
8/20/2020,Central Virginia,663,64,679,64
8/20/2020,Chesapeake,427,45,441,45
8/20/2020,Chesterfield,596,35,634,40
8/20/2020,Chickahominy,211,8,221,9
8/20/2020,Crater,289,33,298,33
8/20/2020,Cumberland Plateau,77,3,87,5
8/20/2020,Eastern Shore,79,5,79,5
8/20/2020,Fairfax,1723,115,1962,139
8/20/2020,Hampton,205,20,210,21
8/20/2020,Henrico,656,69,682,73
8/20/2020,Lenowisco,133,8,145,9
8/20/2020,Lord Fairfax,494,13,504,13
8/20/2020,Loudoun,665,32,734,33
8/20/2020,Mount Rogers,272,32,292,41
8/20/2020,New River,1162,31,1175,31
8/20/2020,Norfolk,547,44,556,44
8/20/2020,Out of State,339,23,347,23
8/20/2020,Peninsula,625,46,635,47
8/20/2020,Piedmont,146,14,150,14
8/20/2020,Pittsylvania-Danville,217,29,217,29
8/20/2020,Portsmouth,309,31,311,31
8/20/2020,Prince William,781,59,844,70
8/20/2020,Rappahannock,550,23,578,28
8/20/2020,Rappahannock Rapidan,212,10,229,16
8/20/2020,Richmond,789,36,810,38
8/20/2020,Roanoke,521,43,539,44
8/20/2020,Southside,91,9,100,10
8/20/2020,Thomas Jefferson,558,40,567,41
8/20/2020,Three Rivers,245,11,254,11
8/20/2020,Unknown,83,5,83,5
8/20/2020,Virginia Beach,912,55,938,58
8/20/2020,Western Tidewater,443,63,450,63
8/20/2020,West Piedmont,178,32,186,34
8/19/2020,Alexandria,305,22,325,23
8/19/2020,Alleghany,175,22,205,23
8/19/2020,Arlington,617,23,680,28
8/19/2020,Central Shenandoah,247,11,261,11
8/19/2020,Central Virginia,632,51,642,51
8/19/2020,Chesapeake,489,52,505,54
8/19/2020,Chesterfield,517,35,560,41
8/19/2020,Chickahominy,205,13,225,14
8/19/2020,Crater,326,82,337,82
8/19/2020,Cumberland Plateau,46,7,51,8
8/19/2020,Eastern Shore,64,1,64,1
8/19/2020,Fairfax,1997,117,2245,139
8/19/2020,Hampton,188,20,194,20
8/19/2020,Henrico,602,37,629,40
8/19/2020,Lenowisco,86,4,93,4
8/19/2020,Lord Fairfax,607,16,623,16
8/19/2020,Loudoun,721,34,811,42
8/19/2020,Mount Rogers,156,14,172,24
8/19/2020,New River,1066,14,1090,18
8/19/2020,Norfolk,630,48,637,49
8/19/2020,Out of State,455,18,460,18
8/19/2020,Peninsula,524,54,539,56
8/19/2020,Piedmont,127,5,130,6
8/19/2020,Pittsylvania-Danville,213,21,218,21
8/19/2020,Portsmouth,285,28,288,28
8/19/2020,Prince William,1123,75,1197,86
8/19/2020,Rappahannock,612,49,644,50
8/19/2020,Rappahannock Rapidan,215,14,242,21
8/19/2020,Richmond,429,22,445,25
8/19/2020,Roanoke,409,24,425,25
8/19/2020,Southside,163,18,167,19
8/19/2020,Thomas Jefferson,545,24,562,25
8/19/2020,Three Rivers,216,9,227,10
8/19/2020,Unknown,34,4,34,4
8/19/2020,Virginia Beach,810,66,841,69
8/19/2020,Western Tidewater,345,36,353,36
8/19/2020,West Piedmont,140,41,147,41
8/18/2020,Alexandria,184,10,197,10
8/18/2020,Alleghany,124,7,135,7
8/18/2020,Arlington,256,11,287,17
8/18/2020,Central Shenandoah,272,7,276,8
8/18/2020,Central Virginia,260,37,260,37
8/18/2020,Chesapeake,249,34,265,34
8/18/2020,Chesterfield,404,28,412,33
8/18/2020,Chickahominy,132,8,134,8
8/18/2020,Crater,218,21,219,21
8/18/2020,Cumberland Plateau,75,1,75,1
8/18/2020,Eastern Shore,98,6,98,6
8/18/2020,Fairfax,1465,67,1597,83
8/18/2020,Hampton,106,9,110,11
8/18/2020,Henrico,376,18,386,22
8/18/2020,Lenowisco,122,3,132,6
8/18/2020,Lord Fairfax,304,14,313,14
8/18/2020,Loudoun,387,14,430,19
8/18/2020,Mount Rogers,125,8,142,24
8/18/2020,New River,1147,14,1162,14
8/18/2020,Norfolk,417,26,422,29
8/18/2020,Out of State,478,25,492,26
8/18/2020,Peninsula,244,33,250,35
8/18/2020,Piedmont,77,5,78,5
8/18/2020,Pittsylvania-Danville,113,15,113,15
8/18/2020,Portsmouth,119,16,122,17
8/18/2020,Prince William,573,40,602,43
8/18/2020,Rappahannock,316,16,328,16
8/18/2020,Rappahannock Rapidan,188,50,203,58
8/18/2020,Richmond,252,14,258,15
8/18/2020,Roanoke,615,25,622,25
8/18/2020,Southside,77,5,77,5
8/18/2020,Thomas Jefferson,457,33,462,33
8/18/2020,Three Rivers,171,6,171,6
8/18/2020,Unknown,10,2,11,2
8/18/2020,Virginia Beach,414,22,423,23
8/18/2020,Western Tidewater,178,22,181,23
8/18/2020,West Piedmont,144,26,146,28
8/17/2020,Alexandria,311,14,316,16
8/17/2020,Alleghany,42,3,56,4
8/17/2020,Arlington,329,20,334,21
8/17/2020,Central Shenandoah,238,14,238,14
8/17/2020,Central Virginia,153,22,157,22
8/17/2020,Chesapeake,405,52,406,52
8/17/2020,Chesterfield,481,29,486,33
8/17/2020,Chickahominy,203,4,207,6
8/17/2020,Crater,225,21,226,21
8/17/2020,Cumberland Plateau,35,2,35,2
8/17/2020,Eastern Shore,27,0,27,0
8/17/2020,Fairfax,1532,94,1579,98
8/17/2020,Hampton,192,18,192,18
8/17/2020,Henrico,620,37,629,42
8/17/2020,Lenowisco,51,6,52,7
8/17/2020,Lord Fairfax,215,13,217,14
8/17/2020,Loudoun,448,33,466,37
8/17/2020,Mount Rogers,82,6,89,11
8/17/2020,New River,1018,4,1032,6
8/17/2020,Norfolk,388,36,390,36
8/17/2020,Out of State,478,22,484,23
8/17/2020,Peninsula,383,38,386,38
8/17/2020,Piedmont,124,3,124,3
8/17/2020,Pittsylvania-Danville,65,12,65,12
8/17/2020,Portsmouth,190,25,192,25
8/17/2020,Prince William,626,55,647,67
8/17/2020,Rappahannock,356,30,366,32
8/17/2020,Rappahannock Rapidan,174,13,181,19
8/17/2020,Richmond,554,21,556,23
8/17/2020,Roanoke,656,15,671,17
8/17/2020,Southside,91,8,91,8
8/17/2020,Thomas Jefferson,366,16,374,17
8/17/2020,Three Rivers,150,3,155,5
8/17/2020,Unknown,10,1,10,1
8/17/2020,Virginia Beach,658,61,664,61
8/17/2020,Western Tidewater,316,37,316,37
8/17/2020,West Piedmont,76,18,78,20
8/16/2020,Alexandria,328,17,341,18
8/16/2020,Alleghany,123,8,139,9
8/16/2020,Arlington,375,26,397,27
8/16/2020,Central Shenandoah,321,16,323,16
8/16/2020,Central Virginia,477,41,485,42
8/16/2020,Chesapeake,311,21,322,21
8/16/2020,Chesterfield,400,30,443,43
8/16/2020,Chickahominy,142,6,154,7
8/16/2020,Crater,319,34,324,34
8/16/2020,Cumberland Plateau,77,5,77,5
8/16/2020,Eastern Shore,72,2,72,2
8/16/2020,Fairfax,1531,86,1637,94
8/16/2020,Hampton,143,8,145,8
8/16/2020,Henrico,507,23,532,25
8/16/2020,Lenowisco,291,15,293,15
8/16/2020,Lord Fairfax,235,10,243,10
8/16/2020,Loudoun,435,33,471,35
8/16/2020,Mount Rogers,232,21,234,21
8/16/2020,New River,885,5,899,5
8/16/2020,Norfolk,330,26,337,27
8/16/2020,Out of State,229,6,235,6
8/16/2020,Peninsula,441,29,450,30
8/16/2020,Piedmont,129,8,135,8
8/16/2020,Pittsylvania-Danville,166,17,168,17
8/16/2020,Portsmouth,187,22,189,23
8/16/2020,Prince William,632,59,662,62
8/16/2020,Rappahannock,347,31,367,34
8/16/2020,Rappahannock Rapidan,238,14,246,16
8/16/2020,Richmond,428,15,441,17
8/16/2020,Roanoke,173,14,188,14
8/16/2020,Southside,146,9,149,9
8/16/2020,Thomas Jefferson,287,18,296,18
8/16/2020,Three Rivers,131,4,136,4
8/16/2020,Unknown,34,4,34,4
8/16/2020,Virginia Beach,809,34,834,38
8/16/2020,Western Tidewater,313,44,317,45
8/16/2020,West Piedmont,86,7,89,7
8/15/2020,Alexandria,195,13,218,15
